{"minzoom":0,"maxzoom":9,"center":[-88.945312,13.581675,9.0],"bounds":[-90.132002,13.155402,-87.683802,14.451055]}