{"minzoom":0,"maxzoom":8,"center":[-89.296875,13.238984,8.0],"bounds":[-90.132002,13.155402,-87.683802,14.451055]}